scenario,rep,adapter,data_seed,fit_seed,status,message,seconds
"gaussian-n100","1","OLS","15858405900072790953","15205132199963212250","ok","","0.083238"
"gaussian-n100","2","OLS","10515327224626927211","10453578191492157148","ok","","6.3e-5"
"gaussian-n100","3","OLS","11864793832310472889","13005638570449962676","ok","","1.0292e-5"
"gaussian-n100","4","OLS","14698154472725401782","12396776144183868470","ok","","8.917e-6"
"gaussian-n100","5","OLS","3380882620267275248","17953504646153808190","ok","","8.666e-6"
"gaussian-n100","6","OLS","12797213866090878135","1553104635095316267","ok","","7.792e-6"
"gaussian-n100","7","OLS","10173515744676545208","3642390842072557127","ok","","8.875e-6"
"gaussian-n100","8","OLS","17422309453819666483","10445017991161537752","ok","","8.291e-6"
"gaussian-n100","9","OLS","7073242779797717502","13786244058386728032","ok","","1.1542e-5"
"gaussian-n100","10","OLS","365274214697753165","3422390395161322950","ok","","7.583e-6"
"gaussian-n100","11","OLS","9427547599999980527","16234722530032706704","ok","","7.75e-6"
"gaussian-n100","12","OLS","4376006384525578662","5549785532709965815","ok","","1.1958e-5"
"gaussian-n100","13","OLS","12454891320476109309","12985018454979898293","ok","","9.334e-6"
"gaussian-n100","14","OLS","5725500302953708513","6983607505794473288","ok","","7.833e-6"
"gaussian-n100","15","OLS","8224007439945011113","1672278998133247834","ok","","8.208e-6"
"gaussian-n100","16","OLS","18057690768790719416","5700449874086721578","ok","","1.0083e-5"
"gaussian-n100","17","OLS","17679229504367963207","8990625692837538483","ok","","7.875e-6"
"gaussian-n100","18","OLS","11753837914865952457","9382034337677449877","ok","","7.875e-6"
"gaussian-n100","19","OLS","15246586174788238882","15739749479384718365","ok","","1.0e-5"
"gaussian-n100","20","OLS","11425272225555453135","16999367291365926685","ok","","1.0083e-5"
"gaussian-n100","21","OLS","17812847377295384778","3939159038385713770","ok","","7.458e-6"
"gaussian-n100","22","OLS","16047538644918150287","13121988718257719502","ok","","1.1625e-5"
"gaussian-n100","23","OLS","6009979472520146388","10032043368519123406","ok","","9.917e-6"
"gaussian-n100","24","OLS","13674178954130284044","3188424719855130122","ok","","9.417e-6"
"gaussian-n100","25","OLS","11517712543396744764","1576065214505664372","ok","","7.708e-6"
"gaussian-n100","26","OLS","2934286743243158659","4751429345326410574","ok","","7.875e-6"
"gaussian-n100","27","OLS","13265242245537051743","115917070472238746","ok","","1.0291e-5"
"gaussian-n100","28","OLS","9744222705099544044","14572452792270248695","ok","","7.541e-6"
"gaussian-n100","29","OLS","12139345763895525308","14216571006518899984","ok","","1.0167e-5"
"gaussian-n100","30","OLS","10936402466558301149","14697476685258204169","ok","","1.2417e-5"
"gaussian-n100","31","OLS","5894554407838550150","14161013383823457953","ok","","1.1833e-5"
"gaussian-n100","32","OLS","13082611088651469604","5075189696626405445","ok","","1.0041e-5"
"gaussian-n100","33","OLS","3569639049024738702","206205701011696949","ok","","9.75e-6"
"gaussian-n100","34","OLS","9885197709848183272","7418637386813828101","ok","","1.2083e-5"
"gaussian-n100","35","OLS","18133461429800769086","15188414421300777663","ok","","1.0292e-5"
"gaussian-n100","36","OLS","10162401741418740255","11161619539743576345","ok","","9.667e-6"
"gaussian-n100","37","OLS","2803616304723184220","13656380384349789286","ok","","1.1291e-5"
"gaussian-n100","38","OLS","10698210595892390654","12857858570053817337","ok","","1.75e-5"
"gaussian-n100","39","OLS","5654232519398366356","11213404917868192676","ok","","1.0042e-5"
"gaussian-n100","40","OLS","10067052787849147313","16032383091777418950","ok","","1.0292e-5"
"gaussian-n100","41","OLS","12186103158540321459","6396977857754024051","ok","","1.1292e-5"
"gaussian-n100","42","OLS","10198492379084450819","10714032731217538815","ok","","9.792e-6"
"gaussian-n100","43","OLS","3848524040884088872","5400904478099663037","ok","","9.666e-6"
"gaussian-n100","44","OLS","12278981409666741475","5348897241033335543","ok","","9.709e-6"
"gaussian-n100","45","OLS","16131012530920503342","18421367013254317047","ok","","1.1375e-5"
"gaussian-n100","46","OLS","8224615262167709653","18216324203141108692","ok","","1.0208e-5"
"gaussian-n100","47","OLS","6053979189955234368","10622979843628087578","ok","","1.0166e-5"
"gaussian-n100","48","OLS","461084751088531833","5159857751918383422","ok","","1.1833e-5"
"gaussian-n100","49","OLS","925339046930024553","11837774985126673114","ok","","9.75e-6"
"gaussian-n100","50","OLS","8867125082640843683","18155064654158728816","ok","","1.0833e-5"
"gaussian-n100","51","OLS","17199848909700351728","11042808622056138734","ok","","1.0e-5"
"gaussian-n100","52","OLS","7648305497448026829","7102586699529709619","ok","","1.1458e-5"
"gaussian-n100","53","OLS","13401940146297730411","17110735216826771090","ok","","1.0125e-5"
"gaussian-n100","54","OLS","9555820520357895799","11630149954165013576","ok","","9.459e-6"
"gaussian-n100","55","OLS","9820405004890098431","5093205451606327018","ok","","1.175e-5"
"gaussian-n100","56","OLS","12646044604623615965","5040158261024956566","ok","","1.1333e-5"
"gaussian-n100","57","OLS","6457250220941969366","3489899858134000071","ok","","9.917e-6"
"gaussian-n100","58","OLS","14832172519740895084","150344667770061240","ok","","9.5e-6"
"gaussian-n100","59","OLS","7449375185606243152","306764433421312962","ok","","1.2209e-5"
"gaussian-n100","60","OLS","1817906892982492992","2823837707842505413","ok","","1.0708e-5"
"gaussian-n100","61","OLS","8115668983854736907","3284154292593298563","ok","","9.5e-6"
"gaussian-n100","62","OLS","12474031531919837196","2772674469308302069","ok","","1.0e-5"
"gaussian-n100","63","OLS","9387359782938862260","4535740141405604192","ok","","1.1625e-5"
"gaussian-n100","64","OLS","6747166956261067731","10384877676133265684","ok","","9.75e-6"
"gaussian-n100","65","OLS","2982043886201045781","5659807007762055318","ok","","9.667e-6"
"gaussian-n100","66","OLS","4544057892728661295","12785396541939698071","ok","","1.0833e-5"
"gaussian-n100","67","OLS","16137267801319178256","15083482274175449004","ok","","9.75e-6"
"gaussian-n100","68","OLS","9198366005750429498","6291168917588522646","ok","","9.917e-6"
"gaussian-n100","69","OLS","12006766040976126927","190164414129835805","ok","","9.375e-6"
"gaussian-n100","70","OLS","9686168454232020813","14203381096903559242","ok","","1.2041e-5"
"gaussian-n100","71","OLS","9407593023916117630","10302137807940106230","ok","","9.333e-6"
"gaussian-n100","72","OLS","2150347406141858878","4834330264386892087","ok","","9.667e-6"
"gaussian-n100","73","OLS","5985936681042192837","4161341465991607799","ok","","1.1959e-5"
"gaussian-n100","74","OLS","15059005731227539564","2879443159060581971","ok","","1.0e-5"
"gaussian-n100","75","OLS","3098865848025980321","4372011006541776445","ok","","9.916e-6"
"gaussian-n100","76","OLS","2624500353569907284","13131711303261567308","ok","","9.542e-6"
"gaussian-n100","77","OLS","6898422644157060767","5841778851232265207","ok","","9.041e-6"
"gaussian-n100","78","OLS","9201974927038798881","5621303483413759837","ok","","1.1583e-5"
"gaussian-n100","79","OLS","17777673509122986321","6120162769322211737","ok","","1.0e-5"
"gaussian-n100","80","OLS","12351128737210173872","6884062247344033147","ok","","9.416e-6"
"gaussian-n100","81","OLS","2904449336503632642","2166390494013957530","ok","","1.1666e-5"
"gaussian-n100","82","OLS","14255546382617247918","3023136973513943105","ok","","2.3167e-5"
"gaussian-n100","83","OLS","13234471080516142681","6504149272238964141","ok","","9.125e-6"
"gaussian-n100","84","OLS","10147763496413612832","12314663961830149629","ok","","1.1083e-5"
"gaussian-n100","85","OLS","4268814594369505604","9015105692633903738","ok","","1.1542e-5"
"gaussian-n100","86","OLS","11503641463255172258","2007784090758006185","ok","","8.75e-6"
"gaussian-n100","87","OLS","12292753146097173601","2354501453633949159","ok","","1.1042e-5"
"gaussian-n100","88","OLS","14556278036698833080","4003154931794715151","ok","","1.1167e-5"
"gaussian-n100","89","OLS","10303054177751227987","1882223823798379765","ok","","9.125e-6"
"gaussian-n100","90","OLS","7313971177788290546","4045021109763783605","ok","","9.125e-6"
"gaussian-n100","91","OLS","897419790652764020","969975407944677221","ok","","1.075e-5"
"gaussian-n100","92","OLS","14735995778737678422","12456977340559127908","ok","","1.0125e-5"
"gaussian-n100","93","OLS","7654511104881719827","6766384008114442882","ok","","1.2708e-5"
"gaussian-n100","94","OLS","3230043662165221585","10770874745452917003","ok","","1.15e-5"
"gaussian-n100","95","OLS","11695058856351823548","18323176713313152559","ok","","1.2208e-5"
"gaussian-n100","96","OLS","10924745295033382322","197985313184344165","ok","","1.3459e-5"
"gaussian-n100","97","OLS","9842566862018648583","1979697516053839602","ok","","1.0042e-5"
"gaussian-n100","98","OLS","6312174027744130651","5137597838136283098","ok","","1.0e-5"
"gaussian-n100","99","OLS","6963107586091039795","12444428215926292830","ok","","1.5458e-5"
"gaussian-n100","100","OLS","5605134001715648415","6220825248991792009","ok","","9.166e-6"
