scenario,rep,adapter,target,truth,estimate,lower,upper,usable_interval,covered
"logistic-n120","1","logistic-MLE","alpha","-0.3","0.04720986605738983","-0.33541059623531755","0.42983032835009716","true","true"
"logistic-n120","1","logistic-MLE","beta","0.5","0.722674432195719","0.3327231868261282","1.1126256775653098","true","true"
"logistic-n120","2","logistic-MLE","alpha","-0.3","-0.5259314813067365","-0.913608396622928","-0.13825456599054503","true","true"
"logistic-n120","2","logistic-MLE","beta","0.5","0.6681736465946357","0.23738921661171092","1.0989580765775606","true","true"
"logistic-n120","3","logistic-MLE","alpha","-0.3","-0.4381215578611898","-0.8325464590074372","-0.04369665671494244","true","true"
"logistic-n120","3","logistic-MLE","beta","0.5","0.7191506778654613","0.3043434845592563","1.1339578711716662","true","true"
"logistic-n120","4","logistic-MLE","alpha","-0.3","-0.09508957065786854","-0.4542642102450464","0.2640850689293093","true","true"
"logistic-n120","4","logistic-MLE","beta","0.5","0.11400884716279913","-0.2504668687557808","0.47848456308137904","true","false"
"logistic-n120","5","logistic-MLE","alpha","-0.3","-0.44426747045666404","-0.8305664141264044","-0.0579685267869236","true","true"
"logistic-n120","5","logistic-MLE","beta","0.5","0.5925629716856555","0.16682549296947158","1.0183004504018394","true","true"
"logistic-n120","6","logistic-MLE","alpha","-0.3","0.08197665548642226","-0.30396544106921464","0.4679187520420591","true","true"
"logistic-n120","6","logistic-MLE","beta","0.5","0.9174235107396472","0.439926991191883","1.3949200302874114","true","true"
"logistic-n120","7","logistic-MLE","alpha","-0.3","-0.2355771202425682","-0.6027038115692092","0.13154957108407275","true","true"
"logistic-n120","7","logistic-MLE","beta","0.5","0.3411735281861683","-0.044770281936813705","0.7271173383091503","true","true"
"logistic-n120","8","logistic-MLE","alpha","-0.3","-0.26308550170763323","-0.6494184529956015","0.12324744958033501","true","true"
"logistic-n120","8","logistic-MLE","beta","0.5","0.7442862668223609","0.2976809156748989","1.1908916179698228","true","true"
"logistic-n120","9","logistic-MLE","alpha","-0.3","-0.1832479485386894","-0.551032553575598","0.18453665649821918","true","true"
"logistic-n120","9","logistic-MLE","beta","0.5","0.47638056765168485","0.057907498726218976","0.8948536365771507","true","true"
"logistic-n120","10","logistic-MLE","alpha","-0.3","-0.45824979343048117","-0.856624689658966","-0.05987489720199629","true","true"
"logistic-n120","10","logistic-MLE","beta","0.5","0.6486832787712702","0.2681347830634474","1.029231774479093","true","true"
"logistic-n120","11","logistic-MLE","alpha","-0.3","-0.18657311678085178","-0.5638357562327533","0.19068952267104974","true","true"
"logistic-n120","11","logistic-MLE","beta","0.5","0.7118829417444742","0.26926143187863266","1.1545044516103158","true","true"
"logistic-n120","12","logistic-MLE","alpha","-0.3","-0.3376836155382879","-0.7270149813261331","0.0516477502495572","true","true"
"logistic-n120","12","logistic-MLE","beta","0.5","0.829608437494252","0.353383233335306","1.305833641653198","true","true"
"logistic-n120","13","logistic-MLE","alpha","-0.3","-0.4584226739721453","-0.8363666394148848","-0.08047870852940592","true","true"
"logistic-n120","13","logistic-MLE","beta","0.5","0.4509083367375108","0.08626492184232287","0.8155517516326987","true","true"
"logistic-n120","14","logistic-MLE","alpha","-0.3","-0.4326657987267328","-0.8002992190087053","-0.06503237844476023","true","true"
"logistic-n120","14","logistic-MLE","beta","0.5","0.13554714803986467","-0.26476027815513675","0.5358545742348662","true","true"
"logistic-n120","15","logistic-MLE","alpha","-0.3","-0.1734884391183911","-0.5441337848300053","0.19715690659322307","true","true"
"logistic-n120","15","logistic-MLE","beta","0.5","0.48099974203772167","0.11906276513883196","0.8429367189366114","true","true"
"logistic-n120","16","logistic-MLE","alpha","-0.3","-0.09867915566875603","-0.4707711543929047","0.27341284305539265","true","true"
"logistic-n120","16","logistic-MLE","beta","0.5","0.5086703752095858","0.15184988617084344","0.8654908642483281","true","true"
"logistic-n120","17","logistic-MLE","alpha","-0.3","-0.3639726657521507","-0.7327580411399386","0.004812709635637125","true","true"
"logistic-n120","17","logistic-MLE","beta","0.5","0.3016150716691685","-0.1270937898600289","0.730323933198366","true","true"
"logistic-n120","18","logistic-MLE","alpha","-0.3","-0.3318577786330528","-0.7128119065518376","0.04909634928573192","true","true"
"logistic-n120","18","logistic-MLE","beta","0.5","0.47731809213923965","0.08566380411373276","0.8689723801647465","true","true"
"logistic-n120","19","logistic-MLE","alpha","-0.3","-0.4037320653888106","-0.7876514307062711","-0.019812700071350164","true","true"
"logistic-n120","19","logistic-MLE","beta","0.5","0.5758431989210844","0.16456212736588793","0.9871242704762808","true","true"
"logistic-n120","20","logistic-MLE","alpha","-0.3","-0.1830706218519503","-0.5454086542096153","0.17926741050571462","true","true"
"logistic-n120","20","logistic-MLE","beta","0.5","0.16305354651604115","-0.21422184166542058","0.5403289346975029","true","true"
