x,y,group
"-0.42974060744558484","-0.03697016285224891","1"
"-1.397650503428894","0.7193145149911175","2"
"0.07268288253555748","0.6723062452365938","3"
"0.2788196196519524","-1.7870544881654091","4"
"-0.05058681183065482","1.4522136504228658","5"
"-0.6829814254349729","-0.563108079045344","6"
"0.4785419663279416","0.9941887534449914","7"
"-1.3206346203973465","1.7802933363715607","8"
"-1.5530498360165261","0.2843457037376702","9"
"-0.2359504103453819","2.099497110788331","10"
"-0.8838400031014914","-2.4118544293631614","1"
"0.43621554487570996","1.4066567668205368","2"
"0.37094623969860263","1.5490429192459878","3"
"-1.013756777205604","-2.1006080321744287","4"
"1.6446190268024505","4.091696683215671","5"
"1.224016078633891","0.8773198805510947","6"
"-0.24625274163934788","1.765787486566111","7"
"1.161349705427869","3.451175731212019","8"
"1.087524427412395","1.5177946882109126","9"
"-0.5568407607956872","2.0376371252742937","10"
"0.8189817855260707","0.6841477306076494","1"
"-0.6269792792903659","-0.23091707823491903","2"
"0.9692694544353003","1.7730948220557665","3"
"0.42342027237279156","-2.032690771341412","4"
"0.12889926272968277","0.44574786364654206","5"
"0.11608774448412529","0.1471719350748315","6"
"0.5153721927659733","4.5418811499059535","7"
"-0.04793101947993628","1.08508106688352","8"
"-0.5466935768661599","0.10932197382661302","9"
"-0.708790707817717","1.3272950721647983","10"
"-0.7522936272721468","1.025434920976515","1"
"0.8246203534558756","2.152701759234646","2"
"-2.0146106593990054","-1.3488137324676166","3"
"-0.28770947580018535","-0.7121130184382998","4"
"0.34425080800541863","2.9019677882385966","5"
"0.4801271088935203","1.4992686684826169","6"
"0.4406477987481898","0.046768457767620175","7"
"0.9594604276570936","2.9059229219571563","8"
"2.449860459619417","1.8905189320781823","9"
"1.0176866532523523","1.9935746539643944","10"
"-0.3525007926204433","0.16952970906285103","1"
"1.6865530265263122","4.153056282582791","2"
"0.31260740867257286","1.8714368703489614","3"
"-2.93273546523506","-3.9102690723451845","4"
"-0.3548048411302266","-1.3190962681905727","5"
"0.27937241667806334","2.5599718185312925","6"
"-0.347938226306423","1.717019479190547","7"
"1.81327159975187","3.8077401056536395","8"
"-0.34747414071397587","-0.1062270981905371","9"
"1.6132364572649913","5.241277538531005","10"
"1.3470062022172375","0.5900496154749282","1"
"0.8097725379070575","2.06621458123644","2"
"-1.5624120612587444","0.40400126067805575","3"
"0.41031424383805376","-3.7740227783260805","4"
"-0.6336122326558373","1.8053674027782236","5"
"0.6014333819772146","0.8793254274878669","6"
"0.3889748868891519","2.394533833810636","7"
"-0.19491031945476642","-1.766592131714658","8"
"-1.3727990332296545","2.0281710668219213","9"
"1.1624967959498957","3.013445669984431","10"
